timestamp,event_type,pod_name,reason,message
2025-04-22T14:08:02+00:00,Normal,loadgenerator-7785849b66-ghvvx,Pulling,"Pulling image ""busybox:latest"""
2025-04-22T14:08:03+00:00,Normal,loadgenerator-7785849b66-ghvvx,Pulled,"Successfully pulled image ""busybox:latest"" in 701ms (701ms including waiting). Image size: 2156519 bytes."
2025-04-22T14:08:03+00:00,Normal,loadgenerator-7785849b66-ghvvx,Created,Created container frontend-check
2025-04-22T14:08:03+00:00,Normal,loadgenerator-7785849b66-ghvvx,Started,Started container frontend-check
2025-04-22T14:08:12+00:00,Normal,loadgenerator-7785849b66-ghvvx,Pulled,"Container image ""docker.io/istio/proxyv2:1.22.0"" already present on machine"
2025-04-22T14:08:12+00:00,Normal,loadgenerator-7785849b66-ghvvx,Created,Created container istio-init
2025-04-22T14:08:12+00:00,Normal,loadgenerator-7785849b66-ghvvx,Started,Started container istio-init
2025-04-22T14:08:13+00:00,Normal,loadgenerator-7785849b66-ghvvx,Pulled,"Container image ""us-central1-docker.pkg.dev/google-samples/microservices-demo/loadgenerator:v0.10.2"" already present on machine"
2025-04-22T14:08:13+00:00,Normal,loadgenerator-7785849b66-ghvvx,Created,Created container main
2025-04-22T14:08:13+00:00,Normal,loadgenerator-7785849b66-ghvvx,Started,Started container main
2025-04-22T14:08:13+00:00,Normal,loadgenerator-7785849b66-ghvvx,Pulled,"Container image ""docker.io/istio/proxyv2:1.22.0"" already present on machine"
2025-04-22T14:08:13+00:00,Normal,loadgenerator-7785849b66-ghvvx,Created,Created container istio-proxy
2025-04-22T14:08:13+00:00,Normal,loadgenerator-7785849b66-ghvvx,Started,Started container istio-proxy
2025-04-22T14:08:02+00:00,Normal,loadgenerator-7785849b66-h7zqw,Pulling,"Pulling image ""busybox:latest"""
2025-04-22T14:08:03+00:00,Normal,loadgenerator-7785849b66-h7zqw,Pulled,"Successfully pulled image ""busybox:latest"" in 709ms (709ms including waiting). Image size: 2156519 bytes."
2025-04-22T14:08:03+00:00,Normal,loadgenerator-7785849b66-h7zqw,Created,Created container frontend-check
2025-04-22T14:08:03+00:00,Normal,loadgenerator-7785849b66-h7zqw,Started,Started container frontend-check
2025-04-22T14:08:12+00:00,Normal,loadgenerator-7785849b66-h7zqw,Pulled,"Container image ""docker.io/istio/proxyv2:1.22.0"" already present on machine"
2025-04-22T14:08:12+00:00,Normal,loadgenerator-7785849b66-h7zqw,Created,Created container istio-init
2025-04-22T14:08:12+00:00,Normal,loadgenerator-7785849b66-h7zqw,Started,Started container istio-init
2025-04-22T14:08:13+00:00,Normal,loadgenerator-7785849b66-h7zqw,Pulled,"Container image ""us-central1-docker.pkg.dev/google-samples/microservices-demo/loadgenerator:v0.10.2"" already present on machine"
2025-04-22T14:08:13+00:00,Normal,loadgenerator-7785849b66-h7zqw,Created,Created container main
2025-04-22T14:08:13+00:00,Normal,loadgenerator-7785849b66-h7zqw,Started,Started container main
2025-04-22T14:08:13+00:00,Normal,loadgenerator-7785849b66-h7zqw,Pulled,"Container image ""docker.io/istio/proxyv2:1.22.0"" already present on machine"
2025-04-22T14:08:13+00:00,Normal,loadgenerator-7785849b66-h7zqw,Created,Created container istio-proxy
2025-04-22T14:08:14+00:00,Normal,loadgenerator-7785849b66-h7zqw,Started,Started container istio-proxy
