timestamp,event_type,pod_name,reason,message
2025-04-21T21:45:57+00:00,Normal,loadgenerator-64fb74c986-62785,NotTriggerScaleUp,pod didn't trigger scale-up: 1 in backoff after failed scale-up
2025-04-21T21:46:29+00:00,Normal,loadgenerator-64fb74c986-62785,Pulling,"Pulling image ""busybox:latest"""
2025-04-21T21:46:30+00:00,Normal,loadgenerator-64fb74c986-62785,Pulled,"Successfully pulled image ""busybox:latest"" in 714ms (714ms including waiting). Image size: 2156519 bytes."
2025-04-21T21:46:30+00:00,Normal,loadgenerator-64fb74c986-62785,Created,Created container frontend-check
2025-04-21T21:46:30+00:00,Normal,loadgenerator-64fb74c986-62785,Started,Started container frontend-check
2025-04-21T21:46:31+00:00,Normal,loadgenerator-64fb74c986-62785,Pulled,"Container image ""docker.io/istio/proxyv2:1.22.0"" already present on machine"
2025-04-21T21:46:31+00:00,Normal,loadgenerator-64fb74c986-62785,Created,Created container istio-init
2025-04-21T21:46:31+00:00,Normal,loadgenerator-64fb74c986-62785,Started,Started container istio-init
2025-04-21T21:46:32+00:00,Normal,loadgenerator-64fb74c986-62785,Pulled,"Container image ""us-central1-docker.pkg.dev/google-samples/microservices-demo/loadgenerator:v0.10.2"" already present on machine"
2025-04-21T21:46:32+00:00,Normal,loadgenerator-64fb74c986-62785,Created,Created container main
2025-04-21T21:46:32+00:00,Normal,loadgenerator-64fb74c986-62785,Started,Started container main
2025-04-21T21:46:32+00:00,Normal,loadgenerator-64fb74c986-62785,Pulled,"Container image ""docker.io/istio/proxyv2:1.22.0"" already present on machine"
2025-04-21T21:46:32+00:00,Normal,loadgenerator-64fb74c986-62785,Created,Created container istio-proxy
2025-04-21T21:46:32+00:00,Normal,loadgenerator-64fb74c986-62785,Started,Started container istio-proxy
2025-04-21T21:45:57+00:00,Normal,loadgenerator-64fb74c986-9fjcn,NotTriggerScaleUp,pod didn't trigger scale-up: 1 in backoff after failed scale-up
2025-04-21T21:46:29+00:00,Normal,loadgenerator-64fb74c986-9fjcn,Pulling,"Pulling image ""busybox:latest"""
2025-04-21T21:46:30+00:00,Normal,loadgenerator-64fb74c986-9fjcn,Pulled,"Successfully pulled image ""busybox:latest"" in 670ms (670ms including waiting). Image size: 2156519 bytes."
2025-04-21T21:46:30+00:00,Normal,loadgenerator-64fb74c986-9fjcn,Created,Created container frontend-check
2025-04-21T21:46:30+00:00,Normal,loadgenerator-64fb74c986-9fjcn,Started,Started container frontend-check
2025-04-21T21:46:31+00:00,Normal,loadgenerator-64fb74c986-9fjcn,Pulled,"Container image ""docker.io/istio/proxyv2:1.22.0"" already present on machine"
2025-04-21T21:46:31+00:00,Normal,loadgenerator-64fb74c986-9fjcn,Created,Created container istio-init
2025-04-21T21:46:31+00:00,Normal,loadgenerator-64fb74c986-9fjcn,Started,Started container istio-init
2025-04-21T21:46:32+00:00,Normal,loadgenerator-64fb74c986-9fjcn,Pulled,"Container image ""us-central1-docker.pkg.dev/google-samples/microservices-demo/loadgenerator:v0.10.2"" already present on machine"
2025-04-21T21:46:32+00:00,Normal,loadgenerator-64fb74c986-9fjcn,Created,Created container main
2025-04-21T21:46:32+00:00,Normal,loadgenerator-64fb74c986-9fjcn,Started,Started container main
2025-04-21T21:46:32+00:00,Normal,loadgenerator-64fb74c986-9fjcn,Pulled,"Container image ""docker.io/istio/proxyv2:1.22.0"" already present on machine"
2025-04-21T21:46:32+00:00,Normal,loadgenerator-64fb74c986-9fjcn,Created,Created container istio-proxy
2025-04-21T21:46:32+00:00,Normal,loadgenerator-64fb74c986-9fjcn,Started,Started container istio-proxy
