timestamp,event_type,pod_name,reason,message
2025-04-22T13:30:09+00:00,Normal,loadgenerator-7785849b66-628lh,Pulling,"Pulling image ""busybox:latest"""
2025-04-22T13:30:10+00:00,Normal,loadgenerator-7785849b66-628lh,Pulled,"Successfully pulled image ""busybox:latest"" in 746ms (746ms including waiting). Image size: 2156519 bytes."
2025-04-22T13:30:10+00:00,Normal,loadgenerator-7785849b66-628lh,Created,Created container frontend-check
2025-04-22T13:30:10+00:00,Normal,loadgenerator-7785849b66-628lh,Started,Started container frontend-check
2025-04-22T13:30:11+00:00,Normal,loadgenerator-7785849b66-628lh,Pulled,"Container image ""docker.io/istio/proxyv2:1.22.0"" already present on machine"
2025-04-22T13:30:11+00:00,Normal,loadgenerator-7785849b66-628lh,Created,Created container istio-init
2025-04-22T13:30:11+00:00,Normal,loadgenerator-7785849b66-628lh,Started,Started container istio-init
2025-04-22T13:30:12+00:00,Normal,loadgenerator-7785849b66-628lh,Pulled,"Container image ""us-central1-docker.pkg.dev/google-samples/microservices-demo/loadgenerator:v0.10.2"" already present on machine"
2025-04-22T13:30:12+00:00,Normal,loadgenerator-7785849b66-628lh,Created,Created container main
2025-04-22T13:30:12+00:00,Normal,loadgenerator-7785849b66-628lh,Started,Started container main
2025-04-22T13:30:12+00:00,Normal,loadgenerator-7785849b66-628lh,Pulled,"Container image ""docker.io/istio/proxyv2:1.22.0"" already present on machine"
2025-04-22T13:30:12+00:00,Normal,loadgenerator-7785849b66-628lh,Created,Created container istio-proxy
2025-04-22T13:30:13+00:00,Normal,loadgenerator-7785849b66-628lh,Started,Started container istio-proxy
2025-04-22T13:30:09+00:00,Normal,loadgenerator-7785849b66-9qsh2,Pulling,"Pulling image ""busybox:latest"""
2025-04-22T13:30:10+00:00,Normal,loadgenerator-7785849b66-9qsh2,Pulled,"Successfully pulled image ""busybox:latest"" in 712ms (712ms including waiting). Image size: 2156519 bytes."
2025-04-22T13:30:10+00:00,Normal,loadgenerator-7785849b66-9qsh2,Created,Created container frontend-check
2025-04-22T13:30:10+00:00,Normal,loadgenerator-7785849b66-9qsh2,Started,Started container frontend-check
2025-04-22T13:30:11+00:00,Normal,loadgenerator-7785849b66-9qsh2,Pulled,"Container image ""docker.io/istio/proxyv2:1.22.0"" already present on machine"
2025-04-22T13:30:11+00:00,Normal,loadgenerator-7785849b66-9qsh2,Created,Created container istio-init
2025-04-22T13:30:11+00:00,Normal,loadgenerator-7785849b66-9qsh2,Started,Started container istio-init
2025-04-22T13:30:12+00:00,Normal,loadgenerator-7785849b66-9qsh2,Pulled,"Container image ""us-central1-docker.pkg.dev/google-samples/microservices-demo/loadgenerator:v0.10.2"" already present on machine"
2025-04-22T13:30:12+00:00,Normal,loadgenerator-7785849b66-9qsh2,Created,Created container main
2025-04-22T13:30:12+00:00,Normal,loadgenerator-7785849b66-9qsh2,Started,Started container main
2025-04-22T13:30:12+00:00,Normal,loadgenerator-7785849b66-9qsh2,Pulled,"Container image ""docker.io/istio/proxyv2:1.22.0"" already present on machine"
2025-04-22T13:30:12+00:00,Normal,loadgenerator-7785849b66-9qsh2,Created,Created container istio-proxy
2025-04-22T13:30:12+00:00,Normal,loadgenerator-7785849b66-9qsh2,Started,Started container istio-proxy
2025-04-22T13:30:09+00:00,Normal,loadgenerator-7785849b66,SuccessfulCreate,Created pod: loadgenerator-7785849b66-9qsh2
2025-04-22T13:30:09+00:00,Normal,loadgenerator-7785849b66,SuccessfulCreate,(combined from similar events): Created pod: loadgenerator-7785849b66-628lh
