timestamp,event_type,pod_name,reason,message
2025-04-22T14:04:49+00:00,Warning,frontend-665599b4df-q4djn,Unhealthy,"Liveness probe failed: Get ""http://10.244.6.204:15020/app-health/server/livez"": context deadline exceeded (Client.Timeout exceeded while awaiting headers)"
2025-04-22T14:04:49+00:00,Warning,frontend-665599b4df-q4djn,Unhealthy,"Readiness probe failed: Get ""http://10.244.6.204:15020/app-health/server/readyz"": context deadline exceeded (Client.Timeout exceeded while awaiting headers)"
2025-04-22T14:04:56+00:00,Warning,frontend-665599b4df-q4djn,Unhealthy,"Readiness probe failed: Get ""http://10.244.6.204:15021/healthz/ready"": context deadline exceeded (Client.Timeout exceeded while awaiting headers)"
2025-04-22T14:05:09+00:00,Normal,frontend-665599b4df-q4djn,Killing,"Container server failed liveness probe, will be restarted"
2025-04-22T14:05:09+00:00,Normal,frontend-665599b4df-q4djn,Pulled,"Container image ""rayenbrahmi/frontend:latest"" already present on machine"
2025-04-22T14:05:39+00:00,Warning,frontend-665599b4df-q4djn,Unhealthy,"Readiness probe failed: Get ""http://10.244.6.204:15021/healthz/ready"": dial tcp 10.244.6.204:15021: connect: no route to host"
2025-04-22T14:05:49+00:00,Warning,frontend-665599b4df-q4djn,Unhealthy,"Liveness probe failed: Get ""http://10.244.6.204:15020/app-health/server/livez"": dial tcp 10.244.6.204:15020: i/o timeout (Client.Timeout exceeded while awaiting headers)"
2025-04-22T14:01:40+00:00,Warning,loadgenerator-7785849b66-dwpv8,FailedMount,"MountVolume.SetUp failed for volume ""kube-api-access-7b4pq"" : failed to sync configmap cache: timed out waiting for the condition"
2025-04-22T14:01:41+00:00,Normal,loadgenerator-7785849b66-dwpv8,Pulling,"Pulling image ""busybox:latest"""
2025-04-22T14:01:41+00:00,Normal,loadgenerator-7785849b66-dwpv8,Pulled,"Successfully pulled image ""busybox:latest"" in 722ms (722ms including waiting). Image size: 2156519 bytes."
2025-04-22T14:01:41+00:00,Normal,loadgenerator-7785849b66-dwpv8,Created,Created container frontend-check
2025-04-22T14:01:41+00:00,Normal,loadgenerator-7785849b66-dwpv8,Started,Started container frontend-check
2025-04-22T14:01:42+00:00,Normal,loadgenerator-7785849b66-dwpv8,Pulled,"Container image ""docker.io/istio/proxyv2:1.22.0"" already present on machine"
2025-04-22T14:01:42+00:00,Normal,loadgenerator-7785849b66-dwpv8,Created,Created container istio-init
2025-04-22T14:01:42+00:00,Normal,loadgenerator-7785849b66-dwpv8,Started,Started container istio-init
2025-04-22T14:01:43+00:00,Normal,loadgenerator-7785849b66-dwpv8,Pulled,"Container image ""us-central1-docker.pkg.dev/google-samples/microservices-demo/loadgenerator:v0.10.2"" already present on machine"
2025-04-22T14:01:43+00:00,Normal,loadgenerator-7785849b66-dwpv8,Created,Created container main
2025-04-22T14:01:43+00:00,Normal,loadgenerator-7785849b66-dwpv8,Started,Started container main
2025-04-22T14:01:43+00:00,Normal,loadgenerator-7785849b66-dwpv8,Pulled,"Container image ""docker.io/istio/proxyv2:1.22.0"" already present on machine"
2025-04-22T14:01:43+00:00,Normal,loadgenerator-7785849b66-dwpv8,Created,Created container istio-proxy
2025-04-22T14:01:43+00:00,Normal,loadgenerator-7785849b66-dwpv8,Started,Started container istio-proxy
2025-04-22T14:01:39+00:00,Normal,loadgenerator-7785849b66-npftx,Pulling,"Pulling image ""busybox:latest"""
2025-04-22T14:01:39+00:00,Normal,loadgenerator-7785849b66-npftx,Pulled,"Successfully pulled image ""busybox:latest"" in 691ms (691ms including waiting). Image size: 2156519 bytes."
2025-04-22T14:01:39+00:00,Normal,loadgenerator-7785849b66-npftx,Created,Created container frontend-check
2025-04-22T14:01:39+00:00,Normal,loadgenerator-7785849b66-npftx,Started,Started container frontend-check
2025-04-22T14:01:40+00:00,Normal,loadgenerator-7785849b66-npftx,Pulled,"Container image ""docker.io/istio/proxyv2:1.22.0"" already present on machine"
2025-04-22T14:01:40+00:00,Normal,loadgenerator-7785849b66-npftx,Created,Created container istio-init
2025-04-22T14:01:41+00:00,Normal,loadgenerator-7785849b66-npftx,Started,Started container istio-init
2025-04-22T14:01:41+00:00,Normal,loadgenerator-7785849b66-npftx,Pulled,"Container image ""us-central1-docker.pkg.dev/google-samples/microservices-demo/loadgenerator:v0.10.2"" already present on machine"
2025-04-22T14:01:41+00:00,Normal,loadgenerator-7785849b66-npftx,Created,Created container main
2025-04-22T14:01:42+00:00,Normal,loadgenerator-7785849b66-npftx,Started,Started container main
2025-04-22T14:01:42+00:00,Normal,loadgenerator-7785849b66-npftx,Pulled,"Container image ""docker.io/istio/proxyv2:1.22.0"" already present on machine"
2025-04-22T14:01:42+00:00,Normal,loadgenerator-7785849b66-npftx,Created,Created container istio-proxy
2025-04-22T14:01:42+00:00,Normal,loadgenerator-7785849b66-npftx,Started,Started container istio-proxy
