timestamp,event_type,pod_name,reason,message
2025-04-22T13:04:18+00:00,Normal,loadgenerator-7785849b66-98qv7,Pulling,"Pulling image ""busybox:latest"""
2025-04-22T13:04:18+00:00,Normal,loadgenerator-7785849b66-98qv7,Pulled,"Successfully pulled image ""busybox:latest"" in 692ms (692ms including waiting). Image size: 2156519 bytes."
2025-04-22T13:04:18+00:00,Normal,loadgenerator-7785849b66-98qv7,Created,Created container frontend-check
2025-04-22T13:04:18+00:00,Normal,loadgenerator-7785849b66-98qv7,Started,Started container frontend-check
2025-04-22T13:04:19+00:00,Normal,loadgenerator-7785849b66-98qv7,Pulled,"Container image ""docker.io/istio/proxyv2:1.22.0"" already present on machine"
2025-04-22T13:04:19+00:00,Normal,loadgenerator-7785849b66-98qv7,Created,Created container istio-init
2025-04-22T13:04:19+00:00,Normal,loadgenerator-7785849b66-98qv7,Started,Started container istio-init
2025-04-22T13:04:20+00:00,Normal,loadgenerator-7785849b66-98qv7,Pulled,"Container image ""us-central1-docker.pkg.dev/google-samples/microservices-demo/loadgenerator:v0.10.2"" already present on machine"
2025-04-22T13:04:20+00:00,Normal,loadgenerator-7785849b66-98qv7,Created,Created container main
2025-04-22T13:04:20+00:00,Normal,loadgenerator-7785849b66-98qv7,Started,Started container main
2025-04-22T13:04:20+00:00,Normal,loadgenerator-7785849b66-98qv7,Pulled,"Container image ""docker.io/istio/proxyv2:1.22.0"" already present on machine"
2025-04-22T13:04:20+00:00,Normal,loadgenerator-7785849b66-98qv7,Created,Created container istio-proxy
2025-04-22T13:04:20+00:00,Normal,loadgenerator-7785849b66-98qv7,Started,Started container istio-proxy
2025-04-22T13:04:18+00:00,Normal,loadgenerator-7785849b66-h5x94,Pulling,"Pulling image ""busybox:latest"""
2025-04-22T13:04:18+00:00,Normal,loadgenerator-7785849b66-h5x94,Pulled,"Successfully pulled image ""busybox:latest"" in 699ms (699ms including waiting). Image size: 2156519 bytes."
2025-04-22T13:04:18+00:00,Normal,loadgenerator-7785849b66-h5x94,Created,Created container frontend-check
2025-04-22T13:04:18+00:00,Normal,loadgenerator-7785849b66-h5x94,Started,Started container frontend-check
2025-04-22T13:04:19+00:00,Normal,loadgenerator-7785849b66-h5x94,Pulled,"Container image ""docker.io/istio/proxyv2:1.22.0"" already present on machine"
2025-04-22T13:04:19+00:00,Normal,loadgenerator-7785849b66-h5x94,Created,Created container istio-init
2025-04-22T13:04:19+00:00,Normal,loadgenerator-7785849b66-h5x94,Started,Started container istio-init
2025-04-22T13:04:20+00:00,Normal,loadgenerator-7785849b66-h5x94,Pulled,"Container image ""us-central1-docker.pkg.dev/google-samples/microservices-demo/loadgenerator:v0.10.2"" already present on machine"
2025-04-22T13:04:20+00:00,Normal,loadgenerator-7785849b66-h5x94,Created,Created container main
2025-04-22T13:04:20+00:00,Normal,loadgenerator-7785849b66-h5x94,Started,Started container main
2025-04-22T13:04:20+00:00,Normal,loadgenerator-7785849b66-h5x94,Pulled,"Container image ""docker.io/istio/proxyv2:1.22.0"" already present on machine"
2025-04-22T13:04:20+00:00,Normal,loadgenerator-7785849b66-h5x94,Created,Created container istio-proxy
2025-04-22T13:04:20+00:00,Normal,loadgenerator-7785849b66-h5x94,Started,Started container istio-proxy
2025-04-22T13:04:17+00:00,Normal,loadgenerator-7785849b66,SuccessfulCreate,Created pod: loadgenerator-7785849b66-h5x94
2025-04-22T13:04:17+00:00,Normal,loadgenerator-7785849b66,SuccessfulCreate,Created pod: loadgenerator-7785849b66-98qv7
