timestamp,event_type,pod_name,reason,message
2025-04-21T21:36:08+00:00,Warning,currencyservice-84546fdf94-p5c6l,Unhealthy,"Readiness probe failed: Get ""http://10.244.6.204:15020/app-health/server/readyz"": context deadline exceeded (Client.Timeout exceeded while awaiting headers)"
2025-04-21T21:36:58+00:00,Warning,currencyservice-84546fdf94-p5c6l,Unhealthy,"Liveness probe failed: Get ""http://10.244.6.204:15020/app-health/server/livez"": context deadline exceeded (Client.Timeout exceeded while awaiting headers)"
2025-04-21T21:33:00+00:00,Normal,loadgenerator-64fb74c986-9mhml,NotTriggerScaleUp,pod didn't trigger scale-up: 1 in backoff after failed scale-up
2025-04-21T21:35:51+00:00,Normal,loadgenerator-64fb74c986-9mhml,Pulling,"Pulling image ""busybox:latest"""
2025-04-21T21:35:52+00:00,Normal,loadgenerator-64fb74c986-9mhml,Pulled,"Successfully pulled image ""busybox:latest"" in 670ms (670ms including waiting). Image size: 2156519 bytes."
2025-04-21T21:35:52+00:00,Normal,loadgenerator-64fb74c986-9mhml,Created,Created container frontend-check
2025-04-21T21:35:52+00:00,Normal,loadgenerator-64fb74c986-9mhml,Started,Started container frontend-check
2025-04-21T21:35:53+00:00,Normal,loadgenerator-64fb74c986-9mhml,Pulled,"Container image ""docker.io/istio/proxyv2:1.22.0"" already present on machine"
2025-04-21T21:35:53+00:00,Normal,loadgenerator-64fb74c986-9mhml,Created,Created container istio-init
2025-04-21T21:35:53+00:00,Normal,loadgenerator-64fb74c986-9mhml,Started,Started container istio-init
2025-04-21T21:35:54+00:00,Normal,loadgenerator-64fb74c986-9mhml,Pulled,"Container image ""us-central1-docker.pkg.dev/google-samples/microservices-demo/loadgenerator:v0.10.2"" already present on machine"
2025-04-21T21:35:54+00:00,Normal,loadgenerator-64fb74c986-9mhml,Created,Created container main
2025-04-21T21:35:54+00:00,Normal,loadgenerator-64fb74c986-9mhml,Started,Started container main
2025-04-21T21:35:54+00:00,Normal,loadgenerator-64fb74c986-9mhml,Pulled,"Container image ""docker.io/istio/proxyv2:1.22.0"" already present on machine"
2025-04-21T21:35:54+00:00,Normal,loadgenerator-64fb74c986-9mhml,Created,Created container istio-proxy
2025-04-21T21:35:54+00:00,Normal,loadgenerator-64fb74c986-9mhml,Started,Started container istio-proxy
2025-04-21T21:33:00+00:00,Normal,loadgenerator-64fb74c986-gsrll,NotTriggerScaleUp,pod didn't trigger scale-up: 1 in backoff after failed scale-up
2025-04-21T21:35:51+00:00,Normal,loadgenerator-64fb74c986-gsrll,Pulling,"Pulling image ""busybox:latest"""
2025-04-21T21:35:52+00:00,Normal,loadgenerator-64fb74c986-gsrll,Pulled,"Successfully pulled image ""busybox:latest"" in 695ms (695ms including waiting). Image size: 2156519 bytes."
2025-04-21T21:35:52+00:00,Normal,loadgenerator-64fb74c986-gsrll,Created,Created container frontend-check
2025-04-21T21:35:52+00:00,Normal,loadgenerator-64fb74c986-gsrll,Started,Started container frontend-check
2025-04-21T21:35:52+00:00,Normal,loadgenerator-64fb74c986-gsrll,Pulled,"Container image ""docker.io/istio/proxyv2:1.22.0"" already present on machine"
2025-04-21T21:35:52+00:00,Normal,loadgenerator-64fb74c986-gsrll,Created,Created container istio-init
2025-04-21T21:35:52+00:00,Normal,loadgenerator-64fb74c986-gsrll,Started,Started container istio-init
2025-04-21T21:35:53+00:00,Normal,loadgenerator-64fb74c986-gsrll,Pulled,"Container image ""us-central1-docker.pkg.dev/google-samples/microservices-demo/loadgenerator:v0.10.2"" already present on machine"
2025-04-21T21:35:53+00:00,Normal,loadgenerator-64fb74c986-gsrll,Created,Created container main
2025-04-21T21:35:53+00:00,Normal,loadgenerator-64fb74c986-gsrll,Started,Started container main
2025-04-21T21:35:53+00:00,Normal,loadgenerator-64fb74c986-gsrll,Pulled,"Container image ""docker.io/istio/proxyv2:1.22.0"" already present on machine"
2025-04-21T21:35:53+00:00,Normal,loadgenerator-64fb74c986-gsrll,Created,Created container istio-proxy
2025-04-21T21:35:53+00:00,Normal,loadgenerator-64fb74c986-gsrll,Started,Started container istio-proxy
