timestamp,event_type,pod_name,reason,message
2025-04-22T13:10:57+00:00,Normal,loadgenerator-7785849b66-sd7dj,Pulling,"Pulling image ""busybox:latest"""
2025-04-22T13:10:58+00:00,Normal,loadgenerator-7785849b66-sd7dj,Pulled,"Successfully pulled image ""busybox:latest"" in 707ms (707ms including waiting). Image size: 2156519 bytes."
2025-04-22T13:10:58+00:00,Normal,loadgenerator-7785849b66-sd7dj,Created,Created container frontend-check
2025-04-22T13:10:58+00:00,Normal,loadgenerator-7785849b66-sd7dj,Started,Started container frontend-check
2025-04-22T13:10:59+00:00,Normal,loadgenerator-7785849b66-sd7dj,Pulled,"Container image ""docker.io/istio/proxyv2:1.22.0"" already present on machine"
2025-04-22T13:10:59+00:00,Normal,loadgenerator-7785849b66-sd7dj,Created,Created container istio-init
2025-04-22T13:10:59+00:00,Normal,loadgenerator-7785849b66-sd7dj,Started,Started container istio-init
2025-04-22T13:11:00+00:00,Normal,loadgenerator-7785849b66-sd7dj,Pulled,"Container image ""us-central1-docker.pkg.dev/google-samples/microservices-demo/loadgenerator:v0.10.2"" already present on machine"
2025-04-22T13:11:00+00:00,Normal,loadgenerator-7785849b66-sd7dj,Created,Created container main
2025-04-22T13:11:00+00:00,Normal,loadgenerator-7785849b66-sd7dj,Started,Started container main
2025-04-22T13:11:00+00:00,Normal,loadgenerator-7785849b66-sd7dj,Pulled,"Container image ""docker.io/istio/proxyv2:1.22.0"" already present on machine"
2025-04-22T13:11:00+00:00,Normal,loadgenerator-7785849b66-sd7dj,Created,Created container istio-proxy
2025-04-22T13:11:00+00:00,Normal,loadgenerator-7785849b66-sd7dj,Started,Started container istio-proxy
2025-04-22T13:10:57+00:00,Normal,loadgenerator-7785849b66-vhwdf,Pulling,"Pulling image ""busybox:latest"""
2025-04-22T13:10:58+00:00,Normal,loadgenerator-7785849b66-vhwdf,Pulled,"Successfully pulled image ""busybox:latest"" in 739ms (739ms including waiting). Image size: 2156519 bytes."
2025-04-22T13:10:58+00:00,Normal,loadgenerator-7785849b66-vhwdf,Created,Created container frontend-check
2025-04-22T13:10:58+00:00,Normal,loadgenerator-7785849b66-vhwdf,Started,Started container frontend-check
2025-04-22T13:10:59+00:00,Normal,loadgenerator-7785849b66-vhwdf,Pulled,"Container image ""docker.io/istio/proxyv2:1.22.0"" already present on machine"
2025-04-22T13:10:59+00:00,Normal,loadgenerator-7785849b66-vhwdf,Created,Created container istio-init
2025-04-22T13:10:59+00:00,Normal,loadgenerator-7785849b66-vhwdf,Started,Started container istio-init
2025-04-22T13:11:00+00:00,Normal,loadgenerator-7785849b66-vhwdf,Pulled,"Container image ""us-central1-docker.pkg.dev/google-samples/microservices-demo/loadgenerator:v0.10.2"" already present on machine"
2025-04-22T13:11:00+00:00,Normal,loadgenerator-7785849b66-vhwdf,Created,Created container main
2025-04-22T13:11:00+00:00,Normal,loadgenerator-7785849b66-vhwdf,Started,Started container main
2025-04-22T13:11:00+00:00,Normal,loadgenerator-7785849b66-vhwdf,Pulled,"Container image ""docker.io/istio/proxyv2:1.22.0"" already present on machine"
2025-04-22T13:11:00+00:00,Normal,loadgenerator-7785849b66-vhwdf,Created,Created container istio-proxy
2025-04-22T13:11:00+00:00,Normal,loadgenerator-7785849b66-vhwdf,Started,Started container istio-proxy
2025-04-22T13:10:57+00:00,Normal,loadgenerator-7785849b66,SuccessfulCreate,Created pod: loadgenerator-7785849b66-sd7dj
2025-04-22T13:10:57+00:00,Normal,loadgenerator-7785849b66,SuccessfulCreate,Created pod: loadgenerator-7785849b66-vhwdf
