timestamp,event_type,pod_name,reason,message
2025-04-22T14:37:49+00:00,Normal,loadgenerator-7785849b66-8s6sg,Pulling,"Pulling image ""busybox:latest"""
2025-04-22T14:37:50+00:00,Normal,loadgenerator-7785849b66-8s6sg,Pulled,"Successfully pulled image ""busybox:latest"" in 728ms (728ms including waiting). Image size: 2156519 bytes."
2025-04-22T14:37:50+00:00,Normal,loadgenerator-7785849b66-8s6sg,Created,Created container frontend-check
2025-04-22T14:37:50+00:00,Normal,loadgenerator-7785849b66-8s6sg,Started,Started container frontend-check
2025-04-22T14:37:51+00:00,Normal,loadgenerator-7785849b66-8s6sg,Pulled,"Container image ""docker.io/istio/proxyv2:1.22.0"" already present on machine"
2025-04-22T14:37:51+00:00,Normal,loadgenerator-7785849b66-8s6sg,Created,Created container istio-init
2025-04-22T14:37:51+00:00,Normal,loadgenerator-7785849b66-8s6sg,Started,Started container istio-init
2025-04-22T14:37:52+00:00,Normal,loadgenerator-7785849b66-8s6sg,Pulled,"Container image ""us-central1-docker.pkg.dev/google-samples/microservices-demo/loadgenerator:v0.10.2"" already present on machine"
2025-04-22T14:37:52+00:00,Normal,loadgenerator-7785849b66-8s6sg,Created,Created container main
2025-04-22T14:37:52+00:00,Normal,loadgenerator-7785849b66-8s6sg,Started,Started container main
2025-04-22T14:37:52+00:00,Normal,loadgenerator-7785849b66-8s6sg,Pulled,"Container image ""docker.io/istio/proxyv2:1.22.0"" already present on machine"
2025-04-22T14:37:52+00:00,Normal,loadgenerator-7785849b66-8s6sg,Created,Created container istio-proxy
2025-04-22T14:37:52+00:00,Normal,loadgenerator-7785849b66-8s6sg,Started,Started container istio-proxy
2025-04-22T14:37:49+00:00,Normal,loadgenerator-7785849b66-wqs4s,Pulling,"Pulling image ""busybox:latest"""
2025-04-22T14:37:50+00:00,Normal,loadgenerator-7785849b66-wqs4s,Pulled,"Successfully pulled image ""busybox:latest"" in 705ms (705ms including waiting). Image size: 2156519 bytes."
2025-04-22T14:37:50+00:00,Normal,loadgenerator-7785849b66-wqs4s,Created,Created container frontend-check
2025-04-22T14:37:50+00:00,Normal,loadgenerator-7785849b66-wqs4s,Started,Started container frontend-check
2025-04-22T14:37:51+00:00,Normal,loadgenerator-7785849b66-wqs4s,Pulled,"Container image ""docker.io/istio/proxyv2:1.22.0"" already present on machine"
2025-04-22T14:37:51+00:00,Normal,loadgenerator-7785849b66-wqs4s,Created,Created container istio-init
2025-04-22T14:37:51+00:00,Normal,loadgenerator-7785849b66-wqs4s,Started,Started container istio-init
2025-04-22T14:37:52+00:00,Normal,loadgenerator-7785849b66-wqs4s,Pulled,"Container image ""us-central1-docker.pkg.dev/google-samples/microservices-demo/loadgenerator:v0.10.2"" already present on machine"
2025-04-22T14:37:52+00:00,Normal,loadgenerator-7785849b66-wqs4s,Created,Created container main
2025-04-22T14:37:52+00:00,Normal,loadgenerator-7785849b66-wqs4s,Started,Started container main
2025-04-22T14:37:52+00:00,Normal,loadgenerator-7785849b66-wqs4s,Pulled,"Container image ""docker.io/istio/proxyv2:1.22.0"" already present on machine"
2025-04-22T14:37:52+00:00,Normal,loadgenerator-7785849b66-wqs4s,Created,Created container istio-proxy
2025-04-22T14:37:52+00:00,Normal,loadgenerator-7785849b66-wqs4s,Started,Started container istio-proxy
