timestamp,event_type,pod_name,reason,message
2025-04-22T14:18:27+00:00,Warning,emailservice-65d769fc6b-mx7ss,Unhealthy,"Liveness probe failed: Get ""http://10.244.2.46:15020/app-health/server/livez"": context deadline exceeded (Client.Timeout exceeded while awaiting headers)"
2025-04-22T14:15:02+00:00,Normal,loadgenerator-7785849b66-8nwjt,Pulling,"Pulling image ""busybox:latest"""
2025-04-22T14:15:02+00:00,Normal,loadgenerator-7785849b66-8nwjt,Pulled,"Successfully pulled image ""busybox:latest"" in 717ms (717ms including waiting). Image size: 2156519 bytes."
2025-04-22T14:15:02+00:00,Normal,loadgenerator-7785849b66-8nwjt,Created,Created container frontend-check
2025-04-22T14:15:03+00:00,Normal,loadgenerator-7785849b66-8nwjt,Started,Started container frontend-check
2025-04-22T14:15:03+00:00,Normal,loadgenerator-7785849b66-8nwjt,Pulled,"Container image ""docker.io/istio/proxyv2:1.22.0"" already present on machine"
2025-04-22T14:15:03+00:00,Normal,loadgenerator-7785849b66-8nwjt,Created,Created container istio-init
2025-04-22T14:15:03+00:00,Normal,loadgenerator-7785849b66-8nwjt,Started,Started container istio-init
2025-04-22T14:15:04+00:00,Normal,loadgenerator-7785849b66-8nwjt,Pulled,"Container image ""us-central1-docker.pkg.dev/google-samples/microservices-demo/loadgenerator:v0.10.2"" already present on machine"
2025-04-22T14:15:04+00:00,Normal,loadgenerator-7785849b66-8nwjt,Created,Created container main
2025-04-22T14:15:04+00:00,Normal,loadgenerator-7785849b66-8nwjt,Started,Started container main
2025-04-22T14:15:04+00:00,Normal,loadgenerator-7785849b66-8nwjt,Pulled,"Container image ""docker.io/istio/proxyv2:1.22.0"" already present on machine"
2025-04-22T14:15:04+00:00,Normal,loadgenerator-7785849b66-8nwjt,Created,Created container istio-proxy
2025-04-22T14:15:04+00:00,Normal,loadgenerator-7785849b66-8nwjt,Started,Started container istio-proxy
2025-04-22T14:15:02+00:00,Normal,loadgenerator-7785849b66-dzzzd,Pulling,"Pulling image ""busybox:latest"""
2025-04-22T14:15:02+00:00,Normal,loadgenerator-7785849b66-dzzzd,Pulled,"Successfully pulled image ""busybox:latest"" in 698ms (698ms including waiting). Image size: 2156519 bytes."
2025-04-22T14:15:02+00:00,Normal,loadgenerator-7785849b66-dzzzd,Created,Created container frontend-check
2025-04-22T14:15:02+00:00,Normal,loadgenerator-7785849b66-dzzzd,Started,Started container frontend-check
2025-04-22T14:15:03+00:00,Normal,loadgenerator-7785849b66-dzzzd,Pulled,"Container image ""docker.io/istio/proxyv2:1.22.0"" already present on machine"
2025-04-22T14:15:03+00:00,Normal,loadgenerator-7785849b66-dzzzd,Created,Created container istio-init
2025-04-22T14:15:03+00:00,Normal,loadgenerator-7785849b66-dzzzd,Started,Started container istio-init
2025-04-22T14:15:04+00:00,Normal,loadgenerator-7785849b66-dzzzd,Pulled,"Container image ""us-central1-docker.pkg.dev/google-samples/microservices-demo/loadgenerator:v0.10.2"" already present on machine"
2025-04-22T14:15:04+00:00,Normal,loadgenerator-7785849b66-dzzzd,Created,Created container main
2025-04-22T14:15:04+00:00,Normal,loadgenerator-7785849b66-dzzzd,Started,Started container main
2025-04-22T14:15:04+00:00,Normal,loadgenerator-7785849b66-dzzzd,Pulled,"Container image ""docker.io/istio/proxyv2:1.22.0"" already present on machine"
2025-04-22T14:15:04+00:00,Normal,loadgenerator-7785849b66-dzzzd,Created,Created container istio-proxy
2025-04-22T14:15:04+00:00,Normal,loadgenerator-7785849b66-dzzzd,Started,Started container istio-proxy
