timestamp,event_type,pod_name,reason,message
2025-04-22T13:45:40+00:00,Warning,adservice-5dc4c759b6-rlnh9,Unhealthy,"Liveness probe failed: Get ""http://10.244.9.213:15020/app-health/server/livez"": context deadline exceeded (Client.Timeout exceeded while awaiting headers)"
2025-04-22T13:45:40+00:00,Warning,adservice-5dc4c759b6-rlnh9,Unhealthy,"Readiness probe failed: Get ""http://10.244.9.213:15020/app-health/server/readyz"": context deadline exceeded (Client.Timeout exceeded while awaiting headers)"
2025-04-22T13:45:42+00:00,Warning,adservice-5dc4c759b6-rlnh9,Unhealthy,"Readiness probe failed: Get ""http://10.244.9.213:15021/healthz/ready"": context deadline exceeded (Client.Timeout exceeded while awaiting headers)"
2025-04-22T13:46:10+00:00,Warning,adservice-5dc4c759b6-rlnh9,Unhealthy,"Readiness probe failed: Get ""http://10.244.9.213:15020/app-health/server/readyz"": dial tcp 10.244.9.213:15020: i/o timeout (Client.Timeout exceeded while awaiting headers)"
2025-04-22T13:46:10+00:00,Normal,adservice-5dc4c759b6-rlnh9,Killing,"Container server failed liveness probe, will be restarted"
2025-04-22T13:46:12+00:00,Warning,adservice-5dc4c759b6-rlnh9,Unhealthy,"Readiness probe failed: Get ""http://10.244.9.213:15021/healthz/ready"": dial tcp 10.244.9.213:15021: connect: no route to host"
2025-04-22T13:42:34+00:00,Normal,loadgenerator-7785849b66-hdfbt,Pulling,"Pulling image ""busybox:latest"""
2025-04-22T13:42:35+00:00,Normal,loadgenerator-7785849b66-hdfbt,Pulled,"Successfully pulled image ""busybox:latest"" in 694ms (694ms including waiting). Image size: 2156519 bytes."
2025-04-22T13:42:35+00:00,Normal,loadgenerator-7785849b66-hdfbt,Created,Created container frontend-check
2025-04-22T13:42:35+00:00,Normal,loadgenerator-7785849b66-hdfbt,Started,Started container frontend-check
2025-04-22T13:42:36+00:00,Normal,loadgenerator-7785849b66-hdfbt,Pulled,"Container image ""docker.io/istio/proxyv2:1.22.0"" already present on machine"
2025-04-22T13:42:36+00:00,Normal,loadgenerator-7785849b66-hdfbt,Created,Created container istio-init
2025-04-22T13:42:36+00:00,Normal,loadgenerator-7785849b66-hdfbt,Started,Started container istio-init
2025-04-22T13:42:37+00:00,Normal,loadgenerator-7785849b66-hdfbt,Pulled,"Container image ""us-central1-docker.pkg.dev/google-samples/microservices-demo/loadgenerator:v0.10.2"" already present on machine"
2025-04-22T13:42:37+00:00,Normal,loadgenerator-7785849b66-hdfbt,Created,Created container main
2025-04-22T13:42:37+00:00,Normal,loadgenerator-7785849b66-hdfbt,Started,Started container main
2025-04-22T13:42:37+00:00,Normal,loadgenerator-7785849b66-hdfbt,Pulled,"Container image ""docker.io/istio/proxyv2:1.22.0"" already present on machine"
2025-04-22T13:42:37+00:00,Normal,loadgenerator-7785849b66-hdfbt,Created,Created container istio-proxy
2025-04-22T13:42:37+00:00,Normal,loadgenerator-7785849b66-hdfbt,Started,Started container istio-proxy
2025-04-22T13:42:34+00:00,Normal,loadgenerator-7785849b66-wnksr,Pulling,"Pulling image ""busybox:latest"""
2025-04-22T13:42:35+00:00,Normal,loadgenerator-7785849b66-wnksr,Pulled,"Successfully pulled image ""busybox:latest"" in 704ms (704ms including waiting). Image size: 2156519 bytes."
2025-04-22T13:42:35+00:00,Normal,loadgenerator-7785849b66-wnksr,Created,Created container frontend-check
2025-04-22T13:42:35+00:00,Normal,loadgenerator-7785849b66-wnksr,Started,Started container frontend-check
2025-04-22T13:42:35+00:00,Normal,loadgenerator-7785849b66-wnksr,Pulled,"Container image ""docker.io/istio/proxyv2:1.22.0"" already present on machine"
2025-04-22T13:42:35+00:00,Normal,loadgenerator-7785849b66-wnksr,Created,Created container istio-init
2025-04-22T13:42:35+00:00,Normal,loadgenerator-7785849b66-wnksr,Started,Started container istio-init
2025-04-22T13:42:36+00:00,Normal,loadgenerator-7785849b66-wnksr,Pulled,"Container image ""us-central1-docker.pkg.dev/google-samples/microservices-demo/loadgenerator:v0.10.2"" already present on machine"
2025-04-22T13:42:36+00:00,Normal,loadgenerator-7785849b66-wnksr,Created,Created container main
2025-04-22T13:42:36+00:00,Normal,loadgenerator-7785849b66-wnksr,Started,Started container main
2025-04-22T13:42:36+00:00,Normal,loadgenerator-7785849b66-wnksr,Pulled,"Container image ""docker.io/istio/proxyv2:1.22.0"" already present on machine"
2025-04-22T13:42:36+00:00,Normal,loadgenerator-7785849b66-wnksr,Created,Created container istio-proxy
2025-04-22T13:42:36+00:00,Normal,loadgenerator-7785849b66-wnksr,Started,Started container istio-proxy
