timestamp,event_type,pod_name,reason,message
2025-04-21T20:41:36+00:00,Normal,loadgenerator-64fb74c986-9qk8v,NotTriggerScaleUp,pod didn't trigger scale-up: 1 in backoff after failed scale-up
2025-04-21T20:43:47+00:00,Normal,loadgenerator-64fb74c986-9qk8v,Pulling,"Pulling image ""busybox:latest"""
2025-04-21T20:43:48+00:00,Normal,loadgenerator-64fb74c986-9qk8v,Pulled,"Successfully pulled image ""busybox:latest"" in 682ms (682ms including waiting). Image size: 2156519 bytes."
2025-04-21T20:43:48+00:00,Normal,loadgenerator-64fb74c986-9qk8v,Created,Created container frontend-check
2025-04-21T20:43:48+00:00,Normal,loadgenerator-64fb74c986-9qk8v,Started,Started container frontend-check
2025-04-21T20:43:49+00:00,Normal,loadgenerator-64fb74c986-9qk8v,Pulled,"Container image ""docker.io/istio/proxyv2:1.22.0"" already present on machine"
2025-04-21T20:43:49+00:00,Normal,loadgenerator-64fb74c986-9qk8v,Created,Created container istio-init
2025-04-21T20:43:49+00:00,Normal,loadgenerator-64fb74c986-9qk8v,Started,Started container istio-init
2025-04-21T20:43:50+00:00,Normal,loadgenerator-64fb74c986-9qk8v,Pulled,"Container image ""us-central1-docker.pkg.dev/google-samples/microservices-demo/loadgenerator:v0.10.2"" already present on machine"
2025-04-21T20:43:50+00:00,Normal,loadgenerator-64fb74c986-9qk8v,Created,Created container main
2025-04-21T20:43:50+00:00,Normal,loadgenerator-64fb74c986-9qk8v,Started,Started container main
2025-04-21T20:43:50+00:00,Normal,loadgenerator-64fb74c986-9qk8v,Pulled,"Container image ""docker.io/istio/proxyv2:1.22.0"" already present on machine"
2025-04-21T20:43:50+00:00,Normal,loadgenerator-64fb74c986-9qk8v,Created,Created container istio-proxy
2025-04-21T20:43:50+00:00,Normal,loadgenerator-64fb74c986-9qk8v,Started,Started container istio-proxy
2025-04-21T20:41:36+00:00,Normal,loadgenerator-64fb74c986-zxn5f,NotTriggerScaleUp,pod didn't trigger scale-up: 1 in backoff after failed scale-up
2025-04-21T20:43:47+00:00,Normal,loadgenerator-64fb74c986-zxn5f,Pulling,"Pulling image ""busybox:latest"""
2025-04-21T20:43:48+00:00,Normal,loadgenerator-64fb74c986-zxn5f,Pulled,"Successfully pulled image ""busybox:latest"" in 717ms (717ms including waiting). Image size: 2156519 bytes."
2025-04-21T20:43:48+00:00,Normal,loadgenerator-64fb74c986-zxn5f,Created,Created container frontend-check
2025-04-21T20:43:48+00:00,Normal,loadgenerator-64fb74c986-zxn5f,Started,Started container frontend-check
2025-04-21T20:43:49+00:00,Normal,loadgenerator-64fb74c986-zxn5f,Pulled,"Container image ""docker.io/istio/proxyv2:1.22.0"" already present on machine"
2025-04-21T20:43:49+00:00,Normal,loadgenerator-64fb74c986-zxn5f,Created,Created container istio-init
2025-04-21T20:43:49+00:00,Normal,loadgenerator-64fb74c986-zxn5f,Started,Started container istio-init
2025-04-21T20:43:50+00:00,Normal,loadgenerator-64fb74c986-zxn5f,Pulled,"Container image ""us-central1-docker.pkg.dev/google-samples/microservices-demo/loadgenerator:v0.10.2"" already present on machine"
2025-04-21T20:43:50+00:00,Normal,loadgenerator-64fb74c986-zxn5f,Created,Created container main
2025-04-21T20:43:50+00:00,Normal,loadgenerator-64fb74c986-zxn5f,Started,Started container main
2025-04-21T20:43:50+00:00,Normal,loadgenerator-64fb74c986-zxn5f,Pulled,"Container image ""docker.io/istio/proxyv2:1.22.0"" already present on machine"
2025-04-21T20:43:50+00:00,Normal,loadgenerator-64fb74c986-zxn5f,Created,Created container istio-proxy
2025-04-21T20:43:50+00:00,Normal,loadgenerator-64fb74c986-zxn5f,Started,Started container istio-proxy
