timestamp,event_type,pod_name,reason,message
2025-04-22T10:30:18+00:00,Normal,loadgenerator-7785849b66-s7svf,Pulling,"Pulling image ""busybox:latest"""
2025-04-22T10:30:19+00:00,Normal,loadgenerator-7785849b66-s7svf,Pulled,"Successfully pulled image ""busybox:latest"" in 722ms (722ms including waiting). Image size: 2156519 bytes."
2025-04-22T10:30:19+00:00,Normal,loadgenerator-7785849b66-s7svf,Created,Created container frontend-check
2025-04-22T10:30:19+00:00,Normal,loadgenerator-7785849b66-s7svf,Started,Started container frontend-check
2025-04-22T10:30:19+00:00,Normal,loadgenerator-7785849b66-s7svf,Pulled,"Container image ""docker.io/istio/proxyv2:1.22.0"" already present on machine"
2025-04-22T10:30:19+00:00,Normal,loadgenerator-7785849b66-s7svf,Created,Created container istio-init
2025-04-22T10:30:19+00:00,Normal,loadgenerator-7785849b66-s7svf,Started,Started container istio-init
2025-04-22T10:30:20+00:00,Normal,loadgenerator-7785849b66-s7svf,Pulled,"Container image ""us-central1-docker.pkg.dev/google-samples/microservices-demo/loadgenerator:v0.10.2"" already present on machine"
2025-04-22T10:30:20+00:00,Normal,loadgenerator-7785849b66-s7svf,Created,Created container main
2025-04-22T10:30:20+00:00,Normal,loadgenerator-7785849b66-s7svf,Started,Started container main
2025-04-22T10:30:20+00:00,Normal,loadgenerator-7785849b66-s7svf,Pulled,"Container image ""docker.io/istio/proxyv2:1.22.0"" already present on machine"
2025-04-22T10:30:20+00:00,Normal,loadgenerator-7785849b66-s7svf,Created,Created container istio-proxy
2025-04-22T10:30:20+00:00,Normal,loadgenerator-7785849b66-s7svf,Started,Started container istio-proxy
2025-04-22T10:30:18+00:00,Normal,loadgenerator-7785849b66-zf572,Pulling,"Pulling image ""busybox:latest"""
2025-04-22T10:30:19+00:00,Normal,loadgenerator-7785849b66-zf572,Pulled,"Successfully pulled image ""busybox:latest"" in 716ms (716ms including waiting). Image size: 2156519 bytes."
2025-04-22T10:30:19+00:00,Normal,loadgenerator-7785849b66-zf572,Created,Created container frontend-check
2025-04-22T10:30:19+00:00,Normal,loadgenerator-7785849b66-zf572,Started,Started container frontend-check
2025-04-22T10:30:20+00:00,Normal,loadgenerator-7785849b66-zf572,Pulled,"Container image ""docker.io/istio/proxyv2:1.22.0"" already present on machine"
2025-04-22T10:30:20+00:00,Normal,loadgenerator-7785849b66-zf572,Created,Created container istio-init
2025-04-22T10:30:20+00:00,Normal,loadgenerator-7785849b66-zf572,Started,Started container istio-init
2025-04-22T10:30:21+00:00,Normal,loadgenerator-7785849b66-zf572,Pulled,"Container image ""us-central1-docker.pkg.dev/google-samples/microservices-demo/loadgenerator:v0.10.2"" already present on machine"
2025-04-22T10:30:21+00:00,Normal,loadgenerator-7785849b66-zf572,Created,Created container main
2025-04-22T10:30:21+00:00,Normal,loadgenerator-7785849b66-zf572,Started,Started container main
2025-04-22T10:30:21+00:00,Normal,loadgenerator-7785849b66-zf572,Pulled,"Container image ""docker.io/istio/proxyv2:1.22.0"" already present on machine"
2025-04-22T10:30:21+00:00,Normal,loadgenerator-7785849b66-zf572,Created,Created container istio-proxy
2025-04-22T10:30:21+00:00,Normal,loadgenerator-7785849b66-zf572,Started,Started container istio-proxy
