pod,cpu_usage,memory_usage,network_rx
checkoutservice-578fc9b8b-tgbp2,0.035378512845413,71872512.0,12982.194127439861
checkoutservice-578fc9b8b-tgbp2,0.035378512845413,14028800.0,12982.194127439861
checkoutservice-578fc9b8b-tgbp2,0.024008233144767015,71839744.0,6282.25269178613
checkoutservice-578fc9b8b-tgbp2,0.024008233144767015,14036992.0,6282.25269178613
checkoutservice-578fc9b8b-tgbp2,0.024519156662667307,71823360.0,7656.649878753964
checkoutservice-578fc9b8b-tgbp2,0.024519156662667307,14241792.0,7656.649878753964
checkoutservice-578fc9b8b-tgbp2,0.028925892867786594,71884800.0,10011.890232626945
checkoutservice-578fc9b8b-tgbp2,0.028925892867786594,14135296.0,10011.890232626945
checkoutservice-578fc9b8b-tgbp2,1.0056596366218888,71831552.0,7945.861110280709
checkoutservice-578fc9b8b-tgbp2,1.0056596366218888,25104384.0,7945.861110280709
checkoutservice-578fc9b8b-tgbp2,1.019349463602981,71880704.0,8582.52645294633
checkoutservice-578fc9b8b-tgbp2,1.019349463602981,24973312.0,8582.52645294633
checkoutservice-578fc9b8b-tgbp2,0.7384771486884052,71884800.0,9753.147706472906
checkoutservice-578fc9b8b-tgbp2,0.7384771486884052,25235456.0,9753.147706472906
