timestamp,event_type,pod_name,reason,message
2025-04-22T14:31:09+00:00,Warning,currencyservice-84546fdf94-8fpfs,Unhealthy,"Liveness probe failed: Get ""http://10.244.6.181:15020/app-health/server/livez"": context deadline exceeded (Client.Timeout exceeded while awaiting headers)"
2025-04-22T14:31:09+00:00,Warning,currencyservice-84546fdf94-8fpfs,Unhealthy,"Readiness probe failed: Get ""http://10.244.6.181:15020/app-health/server/readyz"": context deadline exceeded (Client.Timeout exceeded while awaiting headers)"
2025-04-22T14:31:12+00:00,Warning,currencyservice-84546fdf94-8fpfs,Unhealthy,"Readiness probe failed: Get ""http://10.244.6.181:15021/healthz/ready"": context deadline exceeded (Client.Timeout exceeded while awaiting headers)"
2025-04-22T14:31:19+00:00,Warning,currencyservice-84546fdf94-8fpfs,Unhealthy,"Liveness probe failed: Get ""http://10.244.6.181:15020/app-health/server/livez"": dial tcp 10.244.6.181:15020: i/o timeout (Client.Timeout exceeded while awaiting headers)"
2025-04-22T14:31:29+00:00,Normal,currencyservice-84546fdf94-8fpfs,Killing,"Container server failed liveness probe, will be restarted"
2025-04-22T14:28:00+00:00,Normal,loadgenerator-7785849b66-2nvkl,Pulling,"Pulling image ""busybox:latest"""
2025-04-22T14:28:00+00:00,Normal,loadgenerator-7785849b66-2nvkl,Pulled,"Successfully pulled image ""busybox:latest"" in 696ms (696ms including waiting). Image size: 2156519 bytes."
2025-04-22T14:28:00+00:00,Normal,loadgenerator-7785849b66-2nvkl,Created,Created container frontend-check
2025-04-22T14:28:00+00:00,Normal,loadgenerator-7785849b66-2nvkl,Started,Started container frontend-check
2025-04-22T14:28:01+00:00,Normal,loadgenerator-7785849b66-2nvkl,Pulled,"Container image ""docker.io/istio/proxyv2:1.22.0"" already present on machine"
2025-04-22T14:28:01+00:00,Normal,loadgenerator-7785849b66-2nvkl,Created,Created container istio-init
2025-04-22T14:28:01+00:00,Normal,loadgenerator-7785849b66-2nvkl,Started,Started container istio-init
2025-04-22T14:28:02+00:00,Normal,loadgenerator-7785849b66-2nvkl,Pulled,"Container image ""us-central1-docker.pkg.dev/google-samples/microservices-demo/loadgenerator:v0.10.2"" already present on machine"
2025-04-22T14:28:02+00:00,Normal,loadgenerator-7785849b66-2nvkl,Created,Created container main
2025-04-22T14:28:02+00:00,Normal,loadgenerator-7785849b66-2nvkl,Started,Started container main
2025-04-22T14:28:02+00:00,Normal,loadgenerator-7785849b66-2nvkl,Pulled,"Container image ""docker.io/istio/proxyv2:1.22.0"" already present on machine"
2025-04-22T14:28:02+00:00,Normal,loadgenerator-7785849b66-2nvkl,Created,Created container istio-proxy
2025-04-22T14:28:02+00:00,Normal,loadgenerator-7785849b66-2nvkl,Started,Started container istio-proxy
2025-04-22T14:28:00+00:00,Normal,loadgenerator-7785849b66-d64hv,Pulling,"Pulling image ""busybox:latest"""
2025-04-22T14:28:00+00:00,Normal,loadgenerator-7785849b66-d64hv,Pulled,"Successfully pulled image ""busybox:latest"" in 702ms (702ms including waiting). Image size: 2156519 bytes."
2025-04-22T14:28:00+00:00,Normal,loadgenerator-7785849b66-d64hv,Created,Created container frontend-check
2025-04-22T14:28:00+00:00,Normal,loadgenerator-7785849b66-d64hv,Started,Started container frontend-check
2025-04-22T14:28:01+00:00,Normal,loadgenerator-7785849b66-d64hv,Pulled,"Container image ""docker.io/istio/proxyv2:1.22.0"" already present on machine"
2025-04-22T14:28:01+00:00,Normal,loadgenerator-7785849b66-d64hv,Created,Created container istio-init
2025-04-22T14:28:01+00:00,Normal,loadgenerator-7785849b66-d64hv,Started,Started container istio-init
2025-04-22T14:28:02+00:00,Normal,loadgenerator-7785849b66-d64hv,Pulled,"Container image ""us-central1-docker.pkg.dev/google-samples/microservices-demo/loadgenerator:v0.10.2"" already present on machine"
2025-04-22T14:28:02+00:00,Normal,loadgenerator-7785849b66-d64hv,Created,Created container main
2025-04-22T14:28:02+00:00,Normal,loadgenerator-7785849b66-d64hv,Started,Started container main
2025-04-22T14:28:02+00:00,Normal,loadgenerator-7785849b66-d64hv,Pulled,"Container image ""docker.io/istio/proxyv2:1.22.0"" already present on machine"
2025-04-22T14:28:02+00:00,Normal,loadgenerator-7785849b66-d64hv,Created,Created container istio-proxy
2025-04-22T14:28:02+00:00,Normal,loadgenerator-7785849b66-d64hv,Started,Started container istio-proxy
