timestamp,event_type,pod_name,reason,message
2025-04-22T13:17:50+00:00,Normal,loadgenerator-7785849b66-7cq7m,Pulling,"Pulling image ""busybox:latest"""
2025-04-22T13:17:51+00:00,Normal,loadgenerator-7785849b66-7cq7m,Pulled,"Successfully pulled image ""busybox:latest"" in 697ms (697ms including waiting). Image size: 2156519 bytes."
2025-04-22T13:17:51+00:00,Normal,loadgenerator-7785849b66-7cq7m,Created,Created container frontend-check
2025-04-22T13:17:51+00:00,Normal,loadgenerator-7785849b66-7cq7m,Started,Started container frontend-check
2025-04-22T13:17:52+00:00,Normal,loadgenerator-7785849b66-7cq7m,Pulled,"Container image ""docker.io/istio/proxyv2:1.22.0"" already present on machine"
2025-04-22T13:17:52+00:00,Normal,loadgenerator-7785849b66-7cq7m,Created,Created container istio-init
2025-04-22T13:17:52+00:00,Normal,loadgenerator-7785849b66-7cq7m,Started,Started container istio-init
2025-04-22T13:17:53+00:00,Normal,loadgenerator-7785849b66-7cq7m,Pulled,"Container image ""us-central1-docker.pkg.dev/google-samples/microservices-demo/loadgenerator:v0.10.2"" already present on machine"
2025-04-22T13:17:53+00:00,Normal,loadgenerator-7785849b66-7cq7m,Created,Created container main
2025-04-22T13:17:53+00:00,Normal,loadgenerator-7785849b66-7cq7m,Started,Started container main
2025-04-22T13:17:53+00:00,Normal,loadgenerator-7785849b66-7cq7m,Pulled,"Container image ""docker.io/istio/proxyv2:1.22.0"" already present on machine"
2025-04-22T13:17:53+00:00,Normal,loadgenerator-7785849b66-7cq7m,Created,Created container istio-proxy
2025-04-22T13:17:53+00:00,Normal,loadgenerator-7785849b66-7cq7m,Started,Started container istio-proxy
2025-04-22T13:17:50+00:00,Normal,loadgenerator-7785849b66-rvhms,Pulling,"Pulling image ""busybox:latest"""
2025-04-22T13:17:51+00:00,Normal,loadgenerator-7785849b66-rvhms,Pulled,"Successfully pulled image ""busybox:latest"" in 699ms (699ms including waiting). Image size: 2156519 bytes."
2025-04-22T13:17:51+00:00,Normal,loadgenerator-7785849b66-rvhms,Created,Created container frontend-check
2025-04-22T13:17:51+00:00,Normal,loadgenerator-7785849b66-rvhms,Started,Started container frontend-check
2025-04-22T13:17:52+00:00,Normal,loadgenerator-7785849b66-rvhms,Pulled,"Container image ""docker.io/istio/proxyv2:1.22.0"" already present on machine"
2025-04-22T13:17:52+00:00,Normal,loadgenerator-7785849b66-rvhms,Created,Created container istio-init
2025-04-22T13:17:52+00:00,Normal,loadgenerator-7785849b66-rvhms,Started,Started container istio-init
2025-04-22T13:17:53+00:00,Normal,loadgenerator-7785849b66-rvhms,Pulled,"Container image ""us-central1-docker.pkg.dev/google-samples/microservices-demo/loadgenerator:v0.10.2"" already present on machine"
2025-04-22T13:17:53+00:00,Normal,loadgenerator-7785849b66-rvhms,Created,Created container main
2025-04-22T13:17:53+00:00,Normal,loadgenerator-7785849b66-rvhms,Started,Started container main
2025-04-22T13:17:53+00:00,Normal,loadgenerator-7785849b66-rvhms,Pulled,"Container image ""docker.io/istio/proxyv2:1.22.0"" already present on machine"
2025-04-22T13:17:53+00:00,Normal,loadgenerator-7785849b66-rvhms,Created,Created container istio-proxy
2025-04-22T13:17:53+00:00,Normal,loadgenerator-7785849b66-rvhms,Started,Started container istio-proxy
2025-04-22T13:17:50+00:00,Normal,loadgenerator-7785849b66,SuccessfulCreate,Created pod: loadgenerator-7785849b66-7cq7m
2025-04-22T13:17:50+00:00,Normal,loadgenerator-7785849b66,SuccessfulCreate,Created pod: loadgenerator-7785849b66-rvhms
