pod,cpu_usage,memory_usage,network_rx
checkoutservice-578fc9b8b-tgbp2,0.028098145810023494,71938048.0,9099.148987174876
checkoutservice-578fc9b8b-tgbp2,0.028098145810023494,14303232.0,9099.148987174876
checkoutservice-578fc9b8b-tgbp2,0.01541952767707589,71995392.0,5107.280024166055
checkoutservice-578fc9b8b-tgbp2,0.01541952767707589,14151680.0,5107.280024166055
checkoutservice-578fc9b8b-tgbp2,0.023123439968092026,71938048.0,7316.733847748475
checkoutservice-578fc9b8b-tgbp2,0.023123439968092026,13357056.0,7316.733847748475
checkoutservice-578fc9b8b-tgbp2,0.02435172344166934,71938048.0,8993.72112964346
checkoutservice-578fc9b8b-tgbp2,0.02435172344166934,13537280.0,8993.72112964346
checkoutservice-578fc9b8b-tgbp2,1.0146183835393132,71991296.0,8382.939138119493
checkoutservice-578fc9b8b-tgbp2,1.0146183835393132,543490048.0,8382.939138119493
checkoutservice-578fc9b8b-tgbp2,1.0149861763804986,71872512.0,7632.731480233804
checkoutservice-578fc9b8b-tgbp2,1.0149861763804986,543232000.0,7632.731480233804
checkoutservice-578fc9b8b-tgbp2,1.0116030593519818,71872512.0,6874.323682961556
checkoutservice-578fc9b8b-tgbp2,1.0116030593519818,543498240.0,6874.323682961556
