timestamp,event_type,pod_name,reason,message
2025-04-22T13:23:59+00:00,Normal,loadgenerator-7785849b66-gxqkx,Pulling,"Pulling image ""busybox:latest"""
2025-04-22T13:24:00+00:00,Normal,loadgenerator-7785849b66-gxqkx,Pulled,"Successfully pulled image ""busybox:latest"" in 702ms (702ms including waiting). Image size: 2156519 bytes."
2025-04-22T13:24:00+00:00,Normal,loadgenerator-7785849b66-gxqkx,Created,Created container frontend-check
2025-04-22T13:24:00+00:00,Normal,loadgenerator-7785849b66-gxqkx,Started,Started container frontend-check
2025-04-22T13:24:01+00:00,Normal,loadgenerator-7785849b66-gxqkx,Pulled,"Container image ""docker.io/istio/proxyv2:1.22.0"" already present on machine"
2025-04-22T13:24:01+00:00,Normal,loadgenerator-7785849b66-gxqkx,Created,Created container istio-init
2025-04-22T13:24:01+00:00,Normal,loadgenerator-7785849b66-gxqkx,Started,Started container istio-init
2025-04-22T13:24:02+00:00,Normal,loadgenerator-7785849b66-gxqkx,Pulled,"Container image ""us-central1-docker.pkg.dev/google-samples/microservices-demo/loadgenerator:v0.10.2"" already present on machine"
2025-04-22T13:24:02+00:00,Normal,loadgenerator-7785849b66-gxqkx,Created,Created container main
2025-04-22T13:24:02+00:00,Normal,loadgenerator-7785849b66-gxqkx,Started,Started container main
2025-04-22T13:24:02+00:00,Normal,loadgenerator-7785849b66-gxqkx,Pulled,"Container image ""docker.io/istio/proxyv2:1.22.0"" already present on machine"
2025-04-22T13:24:02+00:00,Normal,loadgenerator-7785849b66-gxqkx,Created,Created container istio-proxy
2025-04-22T13:24:02+00:00,Normal,loadgenerator-7785849b66-gxqkx,Started,Started container istio-proxy
2025-04-22T13:23:59+00:00,Normal,loadgenerator-7785849b66-vxpgh,Pulling,"Pulling image ""busybox:latest"""
2025-04-22T13:24:00+00:00,Normal,loadgenerator-7785849b66-vxpgh,Pulled,"Successfully pulled image ""busybox:latest"" in 699ms (699ms including waiting). Image size: 2156519 bytes."
2025-04-22T13:24:00+00:00,Normal,loadgenerator-7785849b66-vxpgh,Created,Created container frontend-check
2025-04-22T13:24:00+00:00,Normal,loadgenerator-7785849b66-vxpgh,Started,Started container frontend-check
2025-04-22T13:24:00+00:00,Normal,loadgenerator-7785849b66-vxpgh,Pulled,"Container image ""docker.io/istio/proxyv2:1.22.0"" already present on machine"
2025-04-22T13:24:00+00:00,Normal,loadgenerator-7785849b66-vxpgh,Created,Created container istio-init
2025-04-22T13:24:00+00:00,Normal,loadgenerator-7785849b66-vxpgh,Started,Started container istio-init
2025-04-22T13:24:01+00:00,Normal,loadgenerator-7785849b66-vxpgh,Pulled,"Container image ""us-central1-docker.pkg.dev/google-samples/microservices-demo/loadgenerator:v0.10.2"" already present on machine"
2025-04-22T13:24:01+00:00,Normal,loadgenerator-7785849b66-vxpgh,Created,Created container main
2025-04-22T13:24:01+00:00,Normal,loadgenerator-7785849b66-vxpgh,Started,Started container main
2025-04-22T13:24:01+00:00,Normal,loadgenerator-7785849b66-vxpgh,Pulled,"Container image ""docker.io/istio/proxyv2:1.22.0"" already present on machine"
2025-04-22T13:24:01+00:00,Normal,loadgenerator-7785849b66-vxpgh,Created,Created container istio-proxy
2025-04-22T13:24:01+00:00,Normal,loadgenerator-7785849b66-vxpgh,Started,Started container istio-proxy
2025-04-22T13:23:59+00:00,Normal,loadgenerator-7785849b66,SuccessfulCreate,Created pod: loadgenerator-7785849b66-gxqkx
2025-04-22T13:23:59+00:00,Normal,loadgenerator-7785849b66,SuccessfulCreate,Created pod: loadgenerator-7785849b66-vxpgh
