timestamp,event_type,pod_name,reason,message
2025-04-22T13:36:20+00:00,Normal,loadgenerator-7785849b66-8hgxv,Pulling,"Pulling image ""busybox:latest"""
2025-04-22T13:36:21+00:00,Normal,loadgenerator-7785849b66-8hgxv,Pulled,"Successfully pulled image ""busybox:latest"" in 710ms (710ms including waiting). Image size: 2156519 bytes."
2025-04-22T13:36:21+00:00,Normal,loadgenerator-7785849b66-8hgxv,Created,Created container frontend-check
2025-04-22T13:36:21+00:00,Normal,loadgenerator-7785849b66-8hgxv,Started,Started container frontend-check
2025-04-22T13:36:21+00:00,Normal,loadgenerator-7785849b66-8hgxv,Pulled,"Container image ""docker.io/istio/proxyv2:1.22.0"" already present on machine"
2025-04-22T13:36:21+00:00,Normal,loadgenerator-7785849b66-8hgxv,Created,Created container istio-init
2025-04-22T13:36:21+00:00,Normal,loadgenerator-7785849b66-8hgxv,Started,Started container istio-init
2025-04-22T13:36:22+00:00,Normal,loadgenerator-7785849b66-8hgxv,Pulled,"Container image ""us-central1-docker.pkg.dev/google-samples/microservices-demo/loadgenerator:v0.10.2"" already present on machine"
2025-04-22T13:36:22+00:00,Normal,loadgenerator-7785849b66-8hgxv,Created,Created container main
2025-04-22T13:36:22+00:00,Normal,loadgenerator-7785849b66-8hgxv,Started,Started container main
2025-04-22T13:36:22+00:00,Normal,loadgenerator-7785849b66-8hgxv,Pulled,"Container image ""docker.io/istio/proxyv2:1.22.0"" already present on machine"
2025-04-22T13:36:22+00:00,Normal,loadgenerator-7785849b66-8hgxv,Created,Created container istio-proxy
2025-04-22T13:36:22+00:00,Normal,loadgenerator-7785849b66-8hgxv,Started,Started container istio-proxy
2025-04-22T13:36:20+00:00,Normal,loadgenerator-7785849b66-8t4vg,Pulling,"Pulling image ""busybox:latest"""
2025-04-22T13:36:20+00:00,Normal,loadgenerator-7785849b66-8t4vg,Pulled,"Successfully pulled image ""busybox:latest"" in 706ms (706ms including waiting). Image size: 2156519 bytes."
2025-04-22T13:36:20+00:00,Normal,loadgenerator-7785849b66-8t4vg,Created,Created container frontend-check
2025-04-22T13:36:20+00:00,Normal,loadgenerator-7785849b66-8t4vg,Started,Started container frontend-check
2025-04-22T13:36:21+00:00,Normal,loadgenerator-7785849b66-8t4vg,Pulled,"Container image ""docker.io/istio/proxyv2:1.22.0"" already present on machine"
2025-04-22T13:36:21+00:00,Normal,loadgenerator-7785849b66-8t4vg,Created,Created container istio-init
2025-04-22T13:36:21+00:00,Normal,loadgenerator-7785849b66-8t4vg,Started,Started container istio-init
2025-04-22T13:36:22+00:00,Normal,loadgenerator-7785849b66-8t4vg,Pulled,"Container image ""us-central1-docker.pkg.dev/google-samples/microservices-demo/loadgenerator:v0.10.2"" already present on machine"
2025-04-22T13:36:22+00:00,Normal,loadgenerator-7785849b66-8t4vg,Created,Created container main
2025-04-22T13:36:22+00:00,Normal,loadgenerator-7785849b66-8t4vg,Started,Started container main
2025-04-22T13:36:22+00:00,Normal,loadgenerator-7785849b66-8t4vg,Pulled,"Container image ""docker.io/istio/proxyv2:1.22.0"" already present on machine"
2025-04-22T13:36:22+00:00,Normal,loadgenerator-7785849b66-8t4vg,Created,Created container istio-proxy
2025-04-22T13:36:22+00:00,Normal,loadgenerator-7785849b66-8t4vg,Started,Started container istio-proxy
