timestamp,event_type,pod_name,reason,message
2025-04-21T21:04:35+00:00,Normal,loadgenerator-64fb74c986-97tcm,NotTriggerScaleUp,pod didn't trigger scale-up: 1 in backoff after failed scale-up
2025-04-21T21:06:38+00:00,Normal,loadgenerator-64fb74c986-97tcm,Pulling,"Pulling image ""busybox:latest"""
2025-04-21T21:06:38+00:00,Normal,loadgenerator-64fb74c986-97tcm,Pulled,"Successfully pulled image ""busybox:latest"" in 678ms (678ms including waiting). Image size: 2156519 bytes."
2025-04-21T21:06:38+00:00,Normal,loadgenerator-64fb74c986-97tcm,Created,Created container frontend-check
2025-04-21T21:06:38+00:00,Normal,loadgenerator-64fb74c986-97tcm,Started,Started container frontend-check
2025-04-21T21:06:39+00:00,Normal,loadgenerator-64fb74c986-97tcm,Pulled,"Container image ""docker.io/istio/proxyv2:1.22.0"" already present on machine"
2025-04-21T21:06:39+00:00,Normal,loadgenerator-64fb74c986-97tcm,Created,Created container istio-init
2025-04-21T21:06:39+00:00,Normal,loadgenerator-64fb74c986-97tcm,Started,Started container istio-init
2025-04-21T21:06:40+00:00,Normal,loadgenerator-64fb74c986-97tcm,Pulled,"Container image ""us-central1-docker.pkg.dev/google-samples/microservices-demo/loadgenerator:v0.10.2"" already present on machine"
2025-04-21T21:06:40+00:00,Normal,loadgenerator-64fb74c986-97tcm,Created,Created container main
2025-04-21T21:06:40+00:00,Normal,loadgenerator-64fb74c986-97tcm,Started,Started container main
2025-04-21T21:06:40+00:00,Normal,loadgenerator-64fb74c986-97tcm,Pulled,"Container image ""docker.io/istio/proxyv2:1.22.0"" already present on machine"
2025-04-21T21:06:40+00:00,Normal,loadgenerator-64fb74c986-97tcm,Created,Created container istio-proxy
2025-04-21T21:06:40+00:00,Normal,loadgenerator-64fb74c986-97tcm,Started,Started container istio-proxy
2025-04-21T21:04:35+00:00,Normal,loadgenerator-64fb74c986-r2tt8,NotTriggerScaleUp,pod didn't trigger scale-up: 1 in backoff after failed scale-up
2025-04-21T21:06:38+00:00,Normal,loadgenerator-64fb74c986-r2tt8,Pulling,"Pulling image ""busybox:latest"""
2025-04-21T21:06:38+00:00,Normal,loadgenerator-64fb74c986-r2tt8,Pulled,"Successfully pulled image ""busybox:latest"" in 680ms (680ms including waiting). Image size: 2156519 bytes."
2025-04-21T21:06:38+00:00,Normal,loadgenerator-64fb74c986-r2tt8,Created,Created container frontend-check
2025-04-21T21:06:38+00:00,Normal,loadgenerator-64fb74c986-r2tt8,Started,Started container frontend-check
2025-04-21T21:06:39+00:00,Normal,loadgenerator-64fb74c986-r2tt8,Pulled,"Container image ""docker.io/istio/proxyv2:1.22.0"" already present on machine"
2025-04-21T21:06:39+00:00,Normal,loadgenerator-64fb74c986-r2tt8,Created,Created container istio-init
2025-04-21T21:06:39+00:00,Normal,loadgenerator-64fb74c986-r2tt8,Started,Started container istio-init
2025-04-21T21:06:40+00:00,Normal,loadgenerator-64fb74c986-r2tt8,Pulled,"Container image ""us-central1-docker.pkg.dev/google-samples/microservices-demo/loadgenerator:v0.10.2"" already present on machine"
2025-04-21T21:06:40+00:00,Normal,loadgenerator-64fb74c986-r2tt8,Created,Created container main
2025-04-21T21:06:40+00:00,Normal,loadgenerator-64fb74c986-r2tt8,Started,Started container main
2025-04-21T21:06:40+00:00,Normal,loadgenerator-64fb74c986-r2tt8,Pulled,"Container image ""docker.io/istio/proxyv2:1.22.0"" already present on machine"
2025-04-21T21:06:40+00:00,Normal,loadgenerator-64fb74c986-r2tt8,Created,Created container istio-proxy
2025-04-21T21:06:40+00:00,Normal,loadgenerator-64fb74c986-r2tt8,Started,Started container istio-proxy
